{"cameraMode":{"drawMode":0,"name":"Shaded","section":"Shading Mode"},"sceneLighting":true,"audioPlay":false,"sceneViewState":{"m_AlwaysRefresh":false,"showFog":true,"showSkybox":true,"showFlares":true,"showImageEffects":true,"showParticleSystems":true,"showVisualEffectGraphs":true,"m_FxEnabled":true},"in2DMode":false,"pivot":{"x":20.789592742919923,"y":16.09768295288086,"z":-7.627872467041016},"rotation":{"x":0.33264148235321047,"y":-0.038588449358940127,"z":0.014452183619141579,"w":0.9425253868103027},"size":6.646249294281006,"orthographic":false}