{"cameraMode":{"drawMode":0,"name":"Shaded","section":"Shading Mode"},"sceneLighting":true,"audioPlay":false,"sceneViewState":{"m_AlwaysRefresh":false,"showFog":true,"showSkybox":true,"showFlares":true,"showImageEffects":true,"showParticleSystems":true,"showVisualEffectGraphs":true,"m_FxEnabled":true},"in2DMode":false,"pivot":{"x":55.83366394042969,"y":10.964162826538086,"z":25.256975173950197},"rotation":{"x":-0.08138760924339295,"y":0.7182901501655579,"z":-0.08536495268344879,"w":-0.6858090758323669},"size":0.0036591377574950458,"orthographic":false}