{"cameraMode":{"drawMode":0,"name":"Shaded","section":"Shading Mode"},"sceneLighting":true,"audioPlay":false,"sceneViewState":{"m_AlwaysRefresh":false,"showFog":true,"showSkybox":true,"showFlares":true,"showImageEffects":true,"showParticleSystems":true,"showVisualEffectGraphs":true,"m_FxEnabled":true},"in2DMode":false,"pivot":{"x":13.418498039245606,"y":5.801898002624512,"z":26.492372512817384},"rotation":{"x":0.09042259305715561,"y":0.7183151245117188,"z":-0.09485354274511337,"w":0.6834372878074646},"size":0.00778973288834095,"orthographic":false}