{"cameraMode":{"drawMode":0,"name":"Shaded","section":"Shading Mode"},"sceneLighting":true,"audioPlay":false,"sceneViewState":{"m_AlwaysRefresh":false,"showFog":true,"showSkybox":true,"showFlares":true,"showImageEffects":true,"showParticleSystems":true,"showVisualEffectGraphs":true,"m_FxEnabled":true},"in2DMode":false,"pivot":{"x":10.191082000732422,"y":-0.6091105937957764,"z":28.02705192565918},"rotation":{"x":-0.12192269414663315,"y":0.3859921991825104,"z":-0.052022311836481097,"w":-0.9132346510887146},"size":6.646249294281006,"orthographic":false}